<?xml version="1.0"?>
<zend-config xmlns:zf="http://framework.zend.com/xml/zend-config-xml/1.0/">
  <routes>
    <pageroute>
      <type>Zend_Controller_Router_Route_Regex</type>
      <route>(.*)|^$</route>
      <defaults>
        <controller>index</controller>
        <action>index</action>
      </defaults>
      <map>
        <page>1</page>
      </map>
      <reverse>/%s</reverse>
    </pageroute>
    <default>
      <type>Zend_Controller_Router_Route</type>
      <route>/sys/:controller/:action/*</route>
      <defaults>
        <module>default</module>
      </defaults>
    </default>
    <shortloginroute>
      <type>Zend_Controller_Router_Route</type>
      <route>/go</route>
      <defaults>
        <controller>login</controller>
        <action>index</action>
      </defaults>
    </shortloginroute>
    <cartroute>
      <type>Zend_Controller_Router_Route</type>
      <route>/cart</route>
      <defaults>
        <controller>backend_shopping</controller>
        <action>viewsc</action>
      </defaults>
    </cartroute>
    <cartcheckoutroute>
      <type>Zend_Controller_Router_Route</type>
      <route>/checkout</route>
      <defaults>
        <controller>backend_shopping</controller>
        <action>checkout</action>
      </defaults>
    </cartcheckoutroute>
    <pageroutewithslash>
      <type>Zend_Controller_Router_Route</type>
      <route>/:page/:additional</route>
      <defaults>
        <controller>index</controller>
        <action>index</action>
      </defaults>
    </pageroutewithslash>
    <apiroute>
      <type>Zend_Controller_Router_Route</type>
      <route>/api/:section/:param</route>
      <defaults>
        <controller>backend_apiserver</controller>
        <action>index</action>
      </defaults>
    </apiroute>
    <newsroute>
      <type>Zend_Controller_Router_Route</type>
      <route>/news/:news_url</route>
      <defaults>
        <controller>index</controller>
        <action>news</action>
      </defaults>
    </newsroute>
    <newsindexroute>
      <type>Zend_Controller_Router_Route</type>
      <route>/news/index.html</route>
      <defaults>
        <controller>index</controller>
        <action>news</action>
      </defaults>
    </newsindexroute>
    <newsfolderroute>
      <type>Zend_Controller_Router_Route</type>
      <route>/news/</route>
      <defaults>
        <controller>index</controller>
        <action>news</action>
      </defaults>
    </newsfolderroute>
    <pluginroute>
      <type>Zend_Controller_Router_Route</type>
      <route>/plugin/:name/*</route>
      <defaults>
        <controller>backend_plugin</controller>
        <action>fireaction</action>
      </defaults>
    </pluginroute>
    <members>
      <type>Zend_Controller_Router_Route</type>
      <route>/members</route>
      <defaults>
        <controller>backend_plugin</controller>
        <action>fireaction</action>
        <name>members</name>
        <run>addmembers</run>
      </defaults>
    </members>
  </routes>
</zend-config>
