<?xml version="1.0" encoding="UTF-8" ?>
<rss version="2.0" xmlns:g="http://base.google.com/ns/1.0">
<channel>
    <title>Venue Furniture</title>
    <description>Venue Furniture is the perfect place for Designers to go to build a Spec Sheet for a build project</description>
    <link>http://localhost/venue/toaster/products.xml</link>

    
        <item>
            <title>Chiavarri</title>
            <link>http://localhost/venue/toaster/ven100-1000-chiavarri.html</link>
            <description>Insert Product Description Here</description>
            <g:id>1</g:id>
            <g:price>100</g:price>
            <g:condition>new</g:condition>
            <g:brand>STANDARD FURNITURE</g:brand>
            <g:image_link>http://localhost/venue/toaster/images/metalchairs/small/ven100-1000-chiavarri.jpg</g:image_link>
        </item>

    
        <item>
            <title>Square Table</title>
            <link>http://localhost/venue/toaster/Square-Table-VEN000-SQT.html</link>
            <description></description>
            <g:id>43</g:id>
            <g:price>0</g:price>
            <g:condition>new</g:condition>
            <g:brand></g:brand>
            <g:image_link>http://localhost/venue/toaster/images/metalchairs/small/ven100-9135a-interchangeablea.jpg</g:image_link>
        </item>

    
        <item>
            <title>Tracksuit</title>
            <link>http://localhost/venue/toaster/Tracksuit.html</link>
            <description>The long awaited follow-up to our popular sweatshirt, this range of jacket, zip top, new sweatshirt and sweat pants is available in navy or olive.</description>
            <g:id>9</g:id>
            <g:price>20</g:price>
            <g:condition>new</g:condition>
            <g:brand>NIKOLO</g:brand>
            <g:image_link>http://localhost/venue/toaster/images/clothes/small/file11.jpg</g:image_link>
        </item>

    
        <item>
            <title>Jacket</title>
            <link>http://localhost/venue/toaster/Jacket.html</link>
            <description>The long awaited follow-up to our popular sweatshirt, this range of jacket, zip top, new sweatshirt and sweat pants is available in navy or olive.</description>
            <g:id>10</g:id>
            <g:price>50</g:price>
            <g:condition>new</g:condition>
            <g:brand>NIKOLO</g:brand>
            <g:image_link>http://localhost/venue/toaster/images/clothes/small/web4opener4.jpg</g:image_link>
        </item>

    
        <item>
            <title>Music CD</title>
            <link>http://localhost/venue/toaster/Music-CD.html</link>
            <description>Packed with exclusive music recordings.Summer Series recorded in London, Stockholm and Tokyo.</description>
            <g:id>16</g:id>
            <g:price>1</g:price>
            <g:condition>new</g:condition>
            <g:brand>SUMMER MUSIC</g:brand>
            <g:image_link>http://localhost/venue/toaster/images/musin-books/small/cd-1.jpg</g:image_link>
        </item>

    
        <item>
            <title>Black bag</title>
            <link>http://localhost/venue/toaster/Black-bag.html</link>
            <description>Our second collaboration with Bill Amberg, a heavy duty mesh shopper.</description>
            <g:id>12</g:id>
            <g:price>15</g:price>
            <g:condition>new</g:condition>
            <g:brand>NINO</g:brand>
            <g:image_link>http://localhost/venue/toaster/images/accessories/small/ambergcropped1.jpg</g:image_link>
        </item>

    
        <item>
            <title>Barge Bag</title>
            <link>http://localhost/venue/toaster/Barge-Bag.html</link>
            <description>these limited-edition nautical-inspired bags have been created by British designer</description>
            <g:id>13</g:id>
            <g:price>12</g:price>
            <g:condition>new</g:condition>
            <g:brand>NINO</g:brand>
            <g:image_link>http://localhost/venue/toaster/images/accessories/small/billbarge1.jpg</g:image_link>
        </item>

    
        <item>
            <title>Skiff Bag</title>
            <link>http://localhost/venue/toaster/Skiff-Bag.html</link>
            <description>hese limited-edition nautical-inspired bags have been created by British designer</description>
            <g:id>14</g:id>
            <g:price>30</g:price>
            <g:condition>new</g:condition>
            <g:brand>SKIFF</g:brand>
            <g:image_link>http://localhost/venue/toaster/images/accessories/small/billskiff1.jpg</g:image_link>
        </item>

    
        <item>
            <title>Mobile phone</title>
            <link>http://localhost/venue/toaster/Mobile-phone.html</link>
            <description>Awasome mobile phone</description>
            <g:id>15</g:id>
            <g:price>1000</g:price>
            <g:condition>new</g:condition>
            <g:brand>NIKKI</g:brand>
            <g:image_link>http://localhost/venue/toaster/images/accessories/small/blackberry-2061.jpg</g:image_link>
        </item>

    
        <item>
            <title>Sofia Everything</title>
            <link>http://localhost/venue/toaster/Sofia-Everything.html</link>
            <description>Sofia is a jazz musician of the highest caliber. Not only do her smooth vocals stand out from the crowd she also has a great talent for arranging and writing new material.</description>
            <g:id>17</g:id>
            <g:price>15</g:price>
            <g:condition>new</g:condition>
            <g:brand>JAZZ MUSIC</g:brand>
            <g:image_link>http://localhost/venue/toaster/images/musin-books/small/cd.jpg</g:image_link>
        </item>

    
        <item>
            <title>Volume Case</title>
            <link>http://localhost/venue/toaster/Volume-Case.html</link>
            <description>To celebrate our third birthday, we've created the perfect gift for our readers. This beautifully crafted magazine case is made from Finnish birch so strong and light it's used in aeroplane manufacturing.</description>
            <g:id>18</g:id>
            <g:price>50</g:price>
            <g:condition>new</g:condition>
            <g:brand>SUMMER MUSIC</g:brand>
            <g:image_link>http://localhost/venue/toaster/images/musin-books/small/file22.jpg</g:image_link>
        </item>

    
        <item>
            <title>Funky Sign</title>
            <link>http://localhost/venue/toaster/Funky-Sign-VEN-D20022.html</link>
            <description>Funky Sign for your crib</description>
            <g:id>42</g:id>
            <g:price>10</g:price>
            <g:condition>new</g:condition>
            <g:brand>SPECIALTY FURNITURE</g:brand>
            <g:image_link>http://localhost/venue/toaster/images/clothes/small/16291448228595992961609492959523484691749n.jpg</g:image_link>
        </item>

    
        <item>
            <title>Round Table</title>
            <link>http://localhost/venue/toaster/Round-Table-VEN000-RDT.html</link>
            <description>Wood, Plastic Laminate or Foil Laminate</description>
            <g:id>44</g:id>
            <g:price>0</g:price>
            <g:condition>new</g:condition>
            <g:brand></g:brand>
            <g:image_link>http://localhost/venue/toaster/images/metalchairs/small/ven100-9135s-interchangeables.jpg</g:image_link>
        </item>

        
</channel>
</rss>