<?xml version="1.0"?>
<config>
    <routes>
        <pageroute type="Zend_Controller_Router_Route_Regex">
            <route>(.*)|^$</route>
            <defaults>
                <controller>index</controller>
                <action>index</action>
            </defaults>
            <map><page>1</page></map>
            <reverse>/%s</reverse>
	</pageroute>
        <default type="Zend_Controller_Router_Route">
            <route>/sys/:controller/:action/*</route>
            <defaults>
                <module>default</module>
            </defaults>
	</default>
	<shortloginroute type="Zend_Controller_Router_Route">
            <route>/go</route>
            <defaults>
                <controller>login</controller>
                <action>index</action>
            </defaults>
	</shortloginroute>
        <cartroute type="Zend_Controller_Router_Route">
            <route>/cart</route>
            <defaults>
                <controller>backend_shopping</controller>
                <action>viewsc</action>
            </defaults>
        </cartroute>
        <cartcheckoutroute type="Zend_Controller_Router_Route">
            <route>/checkout</route>
            <defaults>
                <controller>backend_shopping</controller>
                <action>checkout</action>
            </defaults>
        </cartcheckoutroute>
        <pageroutewithslash type="Zend_Controller_Router_Route">
            <route>/:page/:additional</route>
            <defaults>
                <controller>index</controller>
                <action>index</action>
            </defaults>
        </pageroutewithslash>
        <apiroute type="Zend_Controller_Router_Route">
            <route>/api/:section/:param</route>
            <defaults>
                <controller>backend_apiserver</controller>
                <action>index</action>
            </defaults>
        </apiroute>
        <newsroute  type="Zend_Controller_Router_Route">
            <route>/news/:news_url</route>
            <defaults>
                <controller>index</controller>
                <action>news</action>
            </defaults>
        </newsroute>
        <newsindexroute  type="Zend_Controller_Router_Route">
            <route>/news/index.html</route>
            <defaults>
                <controller>index</controller>
                <action>news</action>
            </defaults>
        </newsindexroute>
        <newsfolderroute  type="Zend_Controller_Router_Route">
            <route>/news/</route>
            <defaults>
                <controller>index</controller>
                <action>news</action>
            </defaults>
        </newsfolderroute>
        <pluginroute type="Zend_Controller_Router_Route">
            <route>/plugin/:name/*</route>
            <defaults>
                <controller>backend_plugin</controller>
                <action>fireaction</action>
            </defaults>
	</pluginroute>
    </routes>
</config>

